Header_Length,Protocol Type,Time_To_Live,Rate,fin_flag_number,syn_flag_number,rst_flag_number,psh_flag_number,ack_flag_number,ece_flag_number,cwr_flag_number,ack_count,syn_count,fin_count,rst_count,HTTP,HTTPS,DNS,Telnet,SMTP,SSH,IRC,TCP,UDP,DHCP,ARP,ICMP,IGMP,IPv,LLC,Tot sum,Min,Max,AVG,Std,Tot size,IAT,Number,Variance
20.0,6,63.78,19194.142412593817,0.0,0.99,0.0,0.0,0.01,0.0,0.0,1,99,0,0,0.0,0.0,0.0,0.0,0.0,0.0,0.0,1.0,0.0,0.0,0.0,0.0,0.0,1.0,1.0,6000,60,60,60.0,0.0,60.0,5.21087646484375e-05,100,0.0
20.0,6,64.0,51331.58732101334,0.0,1.0,0.0,0.0,0.0,0.0,0.0,0,100,0,0,0.0,0.0,0.0,0.0,0.0,0.0,0.0,1.0,0.0,0.0,0.0,0.0,0.0,1.0,1.0,6000,60,60,60.0,0.0,60.0,1.949071884155273e-05,100,0.0
20.0,6,64.0,37708.38802481345,0.0,1.0,0.0,0.0,0.0,0.0,0.0,0,100,0,0,0.0,0.0,0.0,0.0,0.0,0.0,0.0,1.0,0.0,0.0,0.0,0.0,0.0,1.0,1.0,6000,60,60,60.0,0.0,60.0,2.65192985534668e-05,100,0.0
19.76,6,65.91,16860.845795143912,0.0,0.98,0.0,0.0,0.0,0.0,0.0,0,98,0,0,0.0,0.0,0.0,0.0,0.0,0.0,0.0,0.98,0.02,0.0,0.0,0.0,0.0,1.0,1.0,6534,60,594,65.34,53.4,65.34,5.944013595581055e-05,100,2851.56
20.0,6,64.0,23884.197938613976,0.0,1.0,0.0,0.0,0.0,0.0,0.0,0,100,0,0,0.0,0.0,0.0,0.0,0.0,0.0,0.0,1.0,0.0,0.0,0.0,0.0,0.0,1.0,1.0,6000,60,60,60.0,0.0,60.0,0.0001525497436523,100,0.0
20.0,6,64.0,12509.108261258574,0.0,1.0,0.0,0.0,0.0,0.0,0.0,0,100,0,0,0.0,0.0,0.0,0.0,0.0,0.0,0.0,1.0,0.0,0.0,0.0,0.0,0.0,1.0,1.0,6000,60,60,60.0,0.0,60.0,7.995128631591796e-05,100,0.0
19.8,6,63.36,19022.64955326772,0.0,0.99,0.0,0.0,0.0,0.0,0.0,0,99,0,0,0.0,0.0,0.0,0.0,0.0,0.0,0.0,0.99,0.0,0.0,0.01,0.0,0.0,0.99,0.99,6000,60,60,60.0,0.0,60.0,5.256891250610352e-05,100,0.0
20.2,6,64.0,44663.017782983705,0.0,1.0,0.0,0.0,0.0,0.0,0.0,0,100,0,0,0.0,0.0,0.0,0.0,0.0,0.0,0.0,1.0,0.0,0.0,0.0,0.0,0.0,1.0,1.0,6014,60,74,60.14,1.3999999999999992,60.14,2.2389888763427737e-05,100,1.9599999999999984
20.0,6,64.0,43974.6697420843,0.0,1.0,0.0,0.0,0.0,0.0,0.0,0,100,0,0,0.0,0.0,0.0,0.0,0.0,0.0,0.0,1.0,0.0,0.0,0.0,0.0,0.0,1.0,1.0,6000,60,60,60.0,0.0,60.0,3.62396240234375e-05,100,0.0
20.0,6,64.0,12817.602298077803,0.0,1.0,0.0,0.0,0.0,0.0,0.0,0,100,0,0,0.0,0.0,0.0,0.0,0.0,0.0,0.0,1.0,0.0,0.0,0.0,0.0,0.0,1.0,1.0,6000,60,60,60.0,0.0,60.0,7.802963256835937e-05,100,0.0
19.8,6,63.36,10202.140494259584,0.0,0.99,0.0,0.0,0.0,0.0,0.0,0,99,0,0,0.0,0.0,0.0,0.0,0.0,0.0,0.0,0.99,0.0,0.0,0.01,0.0,0.0,0.99,0.99,6000,60,60,60.0,0.0,60.0,9.803056716918946e-05,100,0.0
20.0,6,64.0,29903.77869670612,0.0,1.0,0.0,0.0,0.0,0.0,0.0,0,100,0,0,0.0,0.0,0.0,0.0,0.0,0.0,0.0,1.0,0.0,0.0,0.0,0.0,0.0,1.0,1.0,6000,60,60,60.0,0.0,60.0,3.345012664794922e-05,100,0.0
20.0,6,64.0,51922.55508789304,0.0,1.0,0.0,0.0,0.0,0.0,0.0,0,100,0,0,0.0,0.0,0.0,0.0,0.0,0.0,0.0,1.0,0.0,0.0,0.0,0.0,0.0,1.0,1.0,6000,60,60,60.0,0.0,60.0,1.925945281982422e-05,100,0.0
20.0,6,64.0,12293.882815018906,0.0,1.0,0.0,0.0,0.0,0.0,0.0,0,100,0,0,0.0,0.0,0.0,0.0,0.0,0.0,0.0,1.0,0.0,0.0,0.0,0.0,0.0,1.0,1.0,6000,60,60,60.0,0.0,60.0,8.134126663208008e-05,100,0.0
20.0,6,64.0,37892.34799891589,0.0,1.0,0.0,0.0,0.0,0.0,0.0,0,100,0,0,0.0,0.0,0.0,0.0,0.0,0.0,0.0,1.0,0.0,0.0,0.0,0.0,0.0,1.0,1.0,6000,60,60,60.0,0.0,60.0,2.6390552520751956e-05,100,0.0
19.8,6,63.36,11270.163370593293,0.0,0.99,0.0,0.0,0.0,0.0,0.0,0,99,0,0,0.0,0.0,0.0,0.0,0.0,0.0,0.0,0.99,0.0,0.0,0.01,0.0,0.0,0.99,0.99,6000,60,60,60.0,0.0,60.0,8.87298583984375e-05,100,0.0
20.0,6,64.0,33245.90995561192,0.0,1.0,0.0,0.0,0.0,0.0,0.0,0,100,0,0,0.0,0.0,0.0,0.0,0.0,0.0,0.0,1.0,0.0,0.0,0.0,0.0,0.0,1.0,1.0,6000,60,60,60.0,0.0,60.0,3.0088424682617188e-05,100,0.0
20.0,6,64.0,25018.21652251715,0.0,1.0,0.0,0.0,0.0,0.0,0.0,0,100,0,0,0.0,0.0,0.0,0.0,0.0,0.0,0.0,1.0,0.0,0.0,0.0,0.0,0.0,1.0,1.0,6000,60,60,60.0,0.0,60.0,4.432201385498047e-05,100,0.0
20.0,6,64.0,44327.879940815896,0.0,1.0,0.0,0.0,0.0,0.0,0.0,0,100,0,0,0.0,0.0,0.0,0.0,0.0,0.0,0.0,1.0,0.0,0.0,0.0,0.0,0.0,1.0,1.0,6000,60,60,60.0,0.0,60.0,2.2559165954589845e-05,100,0.0
20.0,6,64.0,46448.54928017719,0.0,1.0,0.0,0.0,0.0,0.0,0.0,0,100,0,0,0.0,0.0,0.0,0.0,0.0,0.0,0.0,1.0,0.0,0.0,0.0,0.0,0.0,1.0,1.0,6000,60,60,60.0,0.0,60.0,2.1529197692871093e-05,100,0.0
20.0,6,64.0,36695.57305336833,0.0,1.0,0.0,0.0,0.0,0.0,0.0,0,100,0,0,0.0,0.0,0.0,0.0,0.0,0.0,0.0,1.0,0.0,0.0,0.0,0.0,0.0,1.0,1.0,6000,60,60,60.0,0.0,60.0,2.808094024658203e-05,100,0.0
20.0,6,64.0,46081.12502746649,0.0,1.0,0.0,0.0,0.0,0.0,0.0,0,100,0,0,0.0,0.0,0.0,0.0,0.0,0.0,0.0,1.0,0.0,0.0,0.0,0.0,0.0,1.0,1.0,6000,60,60,60.0,0.0,60.0,2.171039581298828e-05,100,0.0
20.0,6,64.0,29230.63628127396,0.0,1.0,0.0,0.0,0.0,0.0,0.0,0,100,0,0,0.0,0.0,0.0,0.0,0.0,0.0,0.0,1.0,0.0,0.0,0.0,0.0,0.0,1.0,1.0,6000,60,60,60.0,0.0,60.0,3.4220218658447266e-05,100,0.0
20.0,6,64.0,12396.34697798138,0.0,1.0,0.0,0.0,0.0,0.0,0.0,0,100,0,0,0.0,0.0,0.0,0.0,0.0,0.0,0.0,1.0,0.0,0.0,0.0,0.0,0.0,1.0,1.0,6000,60,60,60.0,0.0,60.0,8.066892623901368e-05,100,0.0
20.0,6,64.0,20429.126686474112,0.0,1.0,0.0,0.0,0.0,0.0,0.0,0,100,0,0,0.0,0.0,0.0,0.0,0.0,0.0,0.0,1.0,0.0,0.0,0.0,0.0,0.0,1.0,1.0,6000,60,60,60.0,0.0,60.0,4.895925521850586e-05,100,0.0
20.0,6,64.0,46427.983174673456,0.0,1.0,0.0,0.0,0.0,0.0,0.0,0,100,0,0,0.0,0.0,0.0,0.0,0.0,0.0,0.0,1.0,0.0,0.0,0.0,0.0,0.0,1.0,1.0,6000,60,60,60.0,0.0,60.0,3.0100345611572266e-05,100,0.0
20.0,6,64.0,17866.34861134776,0.0,1.0,0.0,0.0,0.0,0.0,0.0,0,100,0,0,0.0,0.0,0.0,0.0,0.0,0.0,0.0,1.0,0.0,0.0,0.0,0.0,0.0,1.0,1.0,6000,60,60,60.0,0.0,60.0,5.597114562988281e-05,100,0.0
20.0,6,64.0,29378.048609651887,0.0,1.0,0.0,0.0,0.0,0.0,0.0,0,100,0,0,0.0,0.0,0.0,0.0,0.0,0.0,0.0,1.0,0.0,0.0,0.0,0.0,0.0,1.0,1.0,6000,60,60,60.0,0.0,60.0,3.404855728149414e-05,100,0.0
20.04,6,65.91,26694.9083503055,0.0,1.0,0.0,0.0,0.0,0.0,0.0,0,100,0,0,0.0,0.0,0.0,0.0,0.0,0.0,0.0,1.0,0.0,0.0,0.0,0.0,0.0,1.0,1.0,6000,60,60,60.0,0.0,60.0,3.746986389160156e-05,100,0.0
20.0,6,64.0,68166.8129367788,0.0,1.0,0.0,0.0,0.0,0.0,0.0,0,100,0,0,0.0,0.0,0.0,0.0,0.0,0.0,0.0,1.0,0.0,0.0,0.0,0.0,0.0,1.0,1.0,6000,60,60,60.0,0.0,60.0,1.466989517211914e-05,100,0.0
